-- CREATE DATABASE IF NOT EXISTS expungement;

DROP DATABASE IF EXISTS budget;
CREATE DATABASE budget;

USE budget;

DROP TABLE IF EXISTS users;
CREATE TABLE IF NOT EXISTS users (
    userId int UNSIGNED NOT NULL AUTO_INCREMENT,
    userType ENUM('Admin', 'Regular') NOT NULL DEFAULT 'Regular',
    userName varchar(64) NOT NULL,
    userPasswordHash varchar(255) NOT NULL,
    userEmail varchar(64) NOT NULL,
    firstName varchar(64),
    lastName varchar(64),
    phone varchar(64),
    phoneCanText boolean,
    isMarried boolean,
    spouseFirstName varchar(64),
    spouseLastName varchar(64),
    spouseEmail varchar(64),
    dependent0_4 int,
    dependent5_18 int,
    dependentAdditional int,
    PRIMARY KEY (userId),
    UNIQUE KEY userName (userName),
    UNIQUE KEY userEmail (userEmail)
) ENGINE=InnoDB DEFAULT CHARSET=utf8 COLLATE=utf8_unicode_ci;

INSERT INTO users (userName, userType, userPasswordHash, userEmail) VALUES ('admin','Admin','$2y$10$Tf8KbXWg/y5.bOxrk9njXOC6HkYJ6pj3WRfNZ5XA5PEH3NK3mmOOK','admin@example.com');


DROP TABLE IF EXISTS categoryParent;
CREATE TABLE IF NOT EXISTS categoryParent (
  categoryParentId int UNSIGNED NOT NULL AUTO_INCREMENT,
  categoryParentType ENUM('Income','Expense') NOT NULL,
  categoryParentOrder int UNSIGNED NOT NULL,
  categoryParentName varchar(1000) NOT NULL,
  PRIMARY KEY (categoryParentId)
) ENGINE=InnoDB DEFAULT CHARSET=utf8 COLLATE=utf8_unicode_ci;

INSERT INTO categoryParent (categoryParentId, categoryParentType, categoryParentOrder, categoryParentName) VALUES 
(1, 'Income', 1, 'Monthly Earned Income'),
(2, 'Income', 2, 'Monthly Retirement and Investment Income'),
(3, 'Income', 3, 'Monthly Other Income'),
(4, 'Expense', 1, 'Monthly Payroll Deductions'),
(5, 'Expense', 2, 'Monthly Housing (Shelter) Costs'),
(6, 'Expense', 3, 'Monthly Transportation Costs'),
(7, 'Expense', 4, 'Monthly Healthcare Expenses'),
(8, 'Expense', 5, 'Monthly Food, Household, Personal, Clothing and General Shopping'),
(9, 'Expense', 6, 'Monthly Personal Savings & Investing'),
(10, 'Expense', 7, 'Monthly Other Debt Obligations'),
(11, 'Expense', 8, 'Monthly Charitable Giving'),
(12, 'Expense', 9, 'Monthly Personal Lifestyle & Other Expenses');


DROP TABLE IF EXISTS category;
CREATE TABLE IF NOT EXISTS category (
  categoryId int UNSIGNED NOT NULL AUTO_INCREMENT,
  categoryParentId int UNSIGNED NOT NULL,
  categoryOrder int UNSIGNED NOT NULL,
  categoryName varchar(1000) NOT NULL,
  categoryHoverToolTip varchar(1000),
  calculatorType ENUM('MonthlyWage','MonthlySE','NonMonthly'),
  PRIMARY KEY (categoryId),
  FOREIGN KEY (categoryParentId) references categoryParent(categoryParentId) on delete cascade
) ENGINE=InnoDB DEFAULT CHARSET=utf8 COLLATE=utf8_unicode_ci;

INSERT INTO category (categoryParentId, categoryOrder, categoryName, categoryHoverToolTip, calculatorType) VALUES
(1, 1, 'Wages from Employment', 'Enter monthly gross income from your primary job here, you can use the calculator to the right to help you estimate the amount.','MonthlyWage'),
(1, 2, 'Additional Wages from Employment (Part-time)', 'Enter monthly gross income from a secondary job you have here, you can use the calculator to the right to help you estimate the amount','MonthlySE'),
(1, 3, 'Income from Self-employment', 'Enter your estimate of monthly income from your own business here, use calculator if your income is not consistent month to month.','MonthlySE'),
(2, 1, 'Social Security or Railroad Retirement', 'Enter the amount you actually receive (Net amount) each month here, use estimates or averages if necessary.','NonMonthly'),
(2, 2, 'Pension Income', 'Enter the amount you actually receive (Net amount) each month here, use estimates or averages if necessary.','NonMonthly'),
(2, 3, 'Other Retirement (IRA, Annuity, etc.)', 'Enter the amount you actually receive (Net amount) each month here (Would be good to have a calculator that takes annual amount and derives monthly amount).','NonMonthly'),
(2, 4, 'Interest and Dividend Income', 'Enter the amount you actually receive (Net amount) each month here (Would be good to have a calculator that takes annual amount and derives monthly amount).','NonMonthly'),
(3, 1, 'Alimony Received', 'Enter the amount you actually receive each month here, use estimates or averages if necessary.','NonMonthly'),
(3, 2, 'Child Support Received', 'Enter the amount you actually receive each month here, use estimates or averages if necessary','NonMonthly'),
(3, 3, 'Social Security Disability (SSDI)', 'Enter the amount you actually receive (Net amount) each month here, use estimates or averages if necessary.','NonMonthly'),
(3, 4, 'Supplemental Security Income (SSI)', 'Enter the amount you actually receive (Net amount) each month here, use estimates or averages if necessary.','NonMonthly'),
(3, 5, 'Federal and State tax refund', 'Enter the total of your typical refund from both federal and state into calculator to estimate the monthly income that your refund should create. Enter 0 if you dont get a refund.','NonMonthly'),
(3, 6, 'Public Housing (Subsidized portion)', 'Enter the amount you actually receive (Net amount) each month here, use estimates or averages if necessary.','NonMonthly'),
(3, 7, 'Food Stamps', 'Enter the amount you actually receive (Net amount) each month here, use estimates or averages if necessary.','NonMonthly'),
(3, 8, 'Financial (FEP or General Assistance)', 'Enter the amount you actually receive (Net amount) each month here, use estimates or averages if necessary.','NonMonthly'),
(3, 9, 'State Childcare Assistance', 'Enter the amount you actually receive (Net amount) each month here, use estimates or averages if necessary.','NonMonthly'),
(3, 10, 'Internships with Stipend (Work study, Easter Seals, etc.)', 'Enter the amount you actually receive (Net amount) each month here, use estimates or averages if necessary.','NonMonthly'),
(3, 11, 'Other cash assistance (Training funds)', 'Enter the amount you actually receive (Net amount) each month here, use estimates or averages if necessary.','NonMonthly'),
(4, 1, 'Federal withholding', 'Enter the amount that your employer withheld from your pay for the month to pay your federal taxes here. Take all of your paystubs for the month and add the amounts together.','NonMonthly'),
(4, 2, 'State withholding', 'Enter the amount that your employer withheld from your pay for the month to pay your state taxes here. Take all of your paystubs for the month and add the amounts together.','NonMonthly'),
(4, 3, 'Social Security and Medicare (FICA) taxes', 'Enter the amount that your employer withheld from your pay for the month to pay your social security and Medicare taxes here. Sometimes these are combined and are labeled FICA.  Take all of your paystubs for the month and add the amounts together.','NonMonthly'),
(4, 4, 'Health insurance', 'Enter the amount you pay for health insurance each month. Take all of your paystubs for the month and add the amounts together.','NonMonthly'),
(4, 5, 'Dental insurance', 'Enter the amount you pay for dental insurance each month. Take all of your paystubs for the month and add the amounts together.','NonMonthly'),
(4, 6, 'Vision insurance', 'Enter the amount you pay for vision insurance each month. Take all of your paystubs for the month and add the amounts together.','NonMonthly'),
(4, 7, 'Retirement (401K, 403B, etc.)', 'Enter the amount you contribute to your retirement each month. Take all of your paystubs for the month and add the amounts together.','NonMonthly'),
(4, 8, 'Medical Savings (FSA or HSA)', 'Enter the amount you have deducted from your check to be put into your medical savings plan (FSA or HAS) each month. Take all of your paystubs for the month and add the amounts together.','NonMonthly'),
(4, 9, 'Garnishments (Child support, collections, taxes)', 'Enter the amount that is deducted from your paycheck each month, Take all of your paystubs for the month and add the amounts for any of these deductions all together.','NonMonthly'),
(5, 1, 'Rent payment', 'Enter the amount you pay for rent each month.','NonMonthly'),
(5, 2, '1st mortgage payment', 'Enter your monthly payment for your first mortgage, include property taxes and insurance if they are included in your monthly mortgage payment.','NonMonthly'),
(5, 3, '2nd mortgage payment', 'Enter your monthly payment for a second mortgage or home equity line of credit (HELOC) here. ','NonMonthly'),
(5, 4, 'Property taxes', 'Enter the amount you pay for property taxes each month here. If you pay your property taxes with your mortgage payment enter zero here. Use the calculator if you pay this once a year.','NonMonthly'),
(5, 5, 'Homeowner and Renter''s Insurance', 'Enter the amount you pay monthly for homeowner or renters insurance here. If you pay your homeowners insurance with your mortgage payment enter zero here. Use the calculator if you pay this once a year.','NonMonthly'),
(5, 6, 'Repairs, improvements, and maintenance', 'Enter the amount you usually pay for repairs a month, or use the calculator to estimate the amount you typically spend in a year. Also include any homeowner association fees here.','NonMonthly'),
(5, 7, 'Power (Electricity)', 'If you are using equal pay for your bill, enter the amount you pay each month here. If not, enter an estimate of what you typically pay each month.','NonMonthly'),
(5, 8, 'Heat', 'If you are using equal pay for your bill, enter the amount you pay each month here. If not, enter an estimate of what you typically pay each month.','NonMonthly'),
(5, 9, 'Garbage (Sewer)', 'Enter how much you typically pay each month for this expense.','NonMonthly'),
(5, 10, 'Water', 'Enter how much you typically pay each month for this expense.','NonMonthly'),
(5, 11, 'Garbage', 'Enter how much you typically pay each month for this expense.','NonMonthly'),
(5, 12, 'Phone (Home)', 'Enter how much you typically pay each month for this expense.','NonMonthly'),
(5, 13, 'Phone (Mobile)', 'Enter how much you typically pay each month for this expense.','NonMonthly'),
(5, 14, 'Internet', 'Enter how much you typically pay each month for this expense.','NonMonthly'),
(5, 15, 'Other housing costs', 'Enter the estimate of monthly costs for other shelter costs not included above here.','NonMonthly'),
(6, 1, 'Bus pass', 'Enter how much you typically pay each month for this expense','NonMonthly'),
(6, 2, 'Auto loan', 'Enter your monthly payment for the car you drive','NonMonthly'),
(6, 3, 'Auto insurance', 'Enter the amount you pay each month for auto insurance. If you have more than one car and you dont know how much is for each vehicle just put the total in the first field','NonMonthly'),
(6, 4, 'Auto fuel (Gas)', 'Enter how much you typically pay each month for this expense','NonMonthly'),
(6, 5, 'Registration (Property taxes)', 'Estimate how much you typically pay for registering your car each year and then use the calculator to enter an annual estimate for this expense.','NonMonthly'),
(6, 6, 'Routine maintenance', 'Estimate how much you anticipate you will pay for oil changes, tires, brakes, car washes, and other minor repairs for the year and use the use the calculator to enter either a monthly or annual estimate.','NonMonthly'),
(6, 7, 'Major repairs', 'Estimate how much you anticipate you will pay for major auto repairs that are unplanned and typically more expenses than normal maintenance.  The older the vehicle is the more you should plan to pay each year.  Use the calculator tool to enter either a monthly or annual estimate.','NonMonthly'),
(6, 8, 'Other transportation costs', 'Enter the estimate of monthly costs for other transportation costs not included above here.','NonMonthly'),
(7, 1, 'Health insurance from payroll deductions', 'If you entered payroll deductions earlier, the monthly amount should appear here. If you pay for insurance on your own, use the next field to enter your monthly premium.','NonMonthly'),
(7, 2, 'Health insurance, I pay on my own', 'Enter the amount you pay each month for health insurance.  Do not include amounts taken out of your paycheck.','NonMonthly'),
(7, 3, 'Dental insurance from payroll deductions', 'If you entered payroll deductions earlier, the monthly amount should appear here. If you pay for insurance on your own, use the next field to enter your monthly premium.','NonMonthly'),
(7, 4, 'Dental insurance, I pay on my own', 'Enter the amount you pay each month for dental insurance.  Do not include amounts taken out of your paycheck.','NonMonthly'),
(7, 5, 'Vision insurance from payroll deductions', 'If you entered payroll deductions earlier, the monthly amount should appear here. If you pay for insurance on your own, use the next field to enter your monthly premium.','NonMonthly'),
(7, 6, 'Vision insurance, I pay on my own', 'Enter the amount you pay each month for vision insurance.  Do not include amounts taken out of your paycheck.','NonMonthly'),
(7, 7, 'Life Insurance', 'Enter your estimate of how much you pay each month for life insurance per month here.','NonMonthly'),
(7, 8, 'Prescriptions', 'Enter your estimate of how much you spend on prescriptions per month here.  Use the calculator tool to enter either a monthly or annual estimate.','NonMonthly'),
(7, 9, 'Co-Pays (Doctor, dentists, hospitals, specialists, etc.)', 'Enter your estimate of how much you spend on co-pays at doctors, the dentist, and other medical visits per month here. Use the calculator tool to enter either a monthly or annual estimate.','NonMonthly'),
(7, 10, 'Other medical expenses', 'Enter the estimate of monthly costs for other medical costs not included above here.','NonMonthly'),
(8, 1, 'Food – Groceries', 'Enter your estimate of how much you typically spend on food at the grocery store per month here. Eating out will be included in the "Personal Lifestyle" section.','NonMonthly'),
(8, 2, 'Household goods (Cleaning supplies, toilet paper, etc.)', 'Enter your estimate of how much you typically spend on household goods, nonfood items, at the grocery or department stores per month here. Items purchased for recreation or entertainment should be entered in the "Personal Lifestyle" section.','NonMonthly'),
(8, 3, 'Clothing and uniforms', 'Enter your estimate of how much you typically spend on clothing household goods per month here. Use the calculator tool to enter either a monthly or annual estimate.','NonMonthly'),
(8, 4, 'Personal Items (Soaps, lotions, deodorant, haircuts, etc.)', 'Enter your estimate of how much you typically spend on personal items per month here.','NonMonthly'),
(8, 5, 'Other general shopping expenses', 'Enter the estimate of monthly costs for other shopping costs not included above here.','NonMonthly'),
(9, 1, 'Emergency', 'An emergency fund is used to plan for unexpected expenses that come in the future. Enter how much you transfer to your emergency fund each month.  Use the calculator tool to enter either a monthly or annual estimate.','NonMonthly'),
(9, 2, 'Revolving', 'A revolving savings account is a separate account that we transfer funds into that then is used to pay for expenses that dont happen every month (like birthdays, holidays, vacation, car registration, etc.) Enter how much you transfer to your revolving fund each month. Use the calculator tool to enter either a monthly or annual estimate.','NonMonthly'),
(9, 3, 'Medical savings (FSA or HSA) ', 'This amount should come from the payroll deductions.','NonMonthly'),
(9, 4, 'Education', 'Enter how much you transfer to your savings for education each month here.  Use the calculator tool to enter either a monthly or annual estimate.','NonMonthly'),
(9, 5, 'Retirement (401K, 403B, IRA, etc.)', 'If you entered a payroll deduction for retirement savings previously it should appear here. If you contribute outside of your employer, enter the amount you save per month in "Other Savings and Investing" below. Use the calculator tool to enter either a monthly or annual estimate.','NonMonthly'),
(9, 6, 'Investments (Stocks, bonds, mutual funds, etc.)', 'Enter how much you have invested each month here. Use the calculator tool to enter either a monthly or annual estimate.','NonMonthly'),
(9, 7, 'Other savings and investing', 'Enter the estimate of monthly costs for other savings and investment contributions not included above here.','NonMonthly'),
(10, 1, 'Credit Card, store accounts, or other revolving debt', 'Enter the total amount currently paid monthly to all credit cards, store accounts, and other types of revolving debt (accounts that provide you with a line of available credit) per month here.','NonMonthly'),
(10, 2, 'Other installment loans (not mortgage or auto)', 'Enter the total amount paid monthly for all installment loans (Loans with a fixed monthly payment, interest rate, and length of time) per month here. Auto loans should be entered in "Transportation" and home mortgages should be entered in "Shelter Costs"','NonMonthly'),
(10, 3, 'Line-of-credit / Home equity', 'Enter the total amount paid for a line-of-credit on a checking account and or any payments made on a home equity loan here.','NonMonthly'),
(10, 4, 'Student loans', 'Enter the total amount paid monthly for all student loans here.','NonMonthly'),
(10, 5, 'Payday or title loans', 'Enter the total amount paid monthly for all payday and title loans (including pawn shops) here.','NonMonthly'),
(10, 6, 'Collections and Judgements', 'Enter the total amount paid monthly for all collections and judgements here.','NonMonthly'),
(10, 7, 'Legal obligations (Alimony, child support, back taxes, etc.)', 'Enter the total amount paid monthly for legal obligations (including past due alimony or child support, back taxes, restitution, etc.) here.','NonMonthly'),
(10, 8, 'Other debt', 'Enter the estimate of monthly costs for other debt amounts not included above here.','NonMonthly'),
(11, 1, 'Cash donations to nonprofits', 'Enter the estimate of total amount donated monthly to nonprofits (Boys & Girls Club, Boy Scouts of America, homeless shelters, food pantries, etc.) here.','NonMonthly'),
(11, 2, 'Cash donations to churches (Tithing)', 'Enter the estimate of total amount donated monthly to religious organizations here.  Use the calculator tool to enter either a monthly or annual estimate. ','NonMonthly'),
(11, 3, 'Other cash donations', 'Enter the estimate of monthly costs for other charitable donations not included above here.','NonMonthly'),
(12, 1, 'Eating out, date nights, etc.', 'Enter how much you typically spend monthly for nights out of the house here.','NonMonthly'),
(12, 2, 'Recreation & hobbies (Sports, clubs, etc.)', 'Enter how much you typically spend monthly for recreational opportunities (including sports, clubs, crafts, etc.) here. Use the calculator tool to enter either a monthly or annual estimate. ','NonMonthly'),
(12, 3, 'Holidays, gifts, special occasions', 'Enter how much you typically spend monthly for special occasions (gift giving) here. Use the calculator tool to enter either a monthly or annual estimate. ','NonMonthly'),
(12, 4, 'Personal habits (Coffee, pop, snacks, tobacco, alcohol, etc.)', 'Enter how much you typically spend monthly for your daily habits here.','NonMonthly'),
(12, 5, 'Cable, satellite, other subscriptions', 'Enter how much you pay for additional T.V. services like cable or satellite services per month here.  ','NonMonthly'),
(12, 6, 'Vacation and family traditions', 'Enter how much you typically spend monthly for vacations and other family traditions here. Use the calculator tool to enter either a monthly or annual estimate. ','NonMonthly'),
(12, 7, 'Physical fitness (Memberships, fees, registration)', 'Enter how much you spend monthly for physical fitness costs here. Use the calculator tool to enter either a monthly or annual estimate. ','NonMonthly'),
(12, 8, 'Pet expenses (Food, vets, etc.)', 'Enter how much you typically spend monthly on family pets here. Use the calculator tool to enter either a monthly or annual estimate. ','NonMonthly'),
(12, 9, 'Childcare (Pre-school or daycare)', 'Enter how much you typically spend monthly on childcare (include pre-school, daycare, or day camps) here. Use the calculator tool to enter either a monthly or annual estimate. ','NonMonthly'),
(12, 10, 'Educational expenses', 'Enter how much you typically spend monthly on education (include tuition, books, online courses, etc.) here. Use the calculator tool to enter either a monthly or annual estimate. ','NonMonthly'),
(12, 11, 'Child support and alimony', 'Enter the total amount paid monthly for child support and alimony (do not include past due payments made to ORS) here.','NonMonthly'),
(12, 12, 'Federal and State taxes withheld from wages', 'This amount should come from the payroll deductions.','NonMonthly'),
(12, 13, 'Other personal lifestyle expenses', 'Enter the estimate of monthly costs for other lifestyle and other costs not included above here.','NonMonthly');


DROP TABLE IF EXISTS budget;
CREATE TABLE budget (
    budgetId int UNSIGNED NOT NULL AUTO_INCREMENT,
    userId int UNSIGNED NOT NULL,
    budgetName varchar(64),
    isBaseline boolean DEFAULT FALSE,
    dateCreated DATETIME NOT NULL,
    dateUpdated TIMESTAMP DEFAULT CURRENT_TIMESTAMP ON UPDATE CURRENT_TIMESTAMP,
    PRIMARY KEY (budgetId),
    FOREIGN KEY (userId) references users(userId) on delete cascade
) ENGINE=InnoDB DEFAULT CHARSET=utf8 COLLATE=utf8_unicode_ci;


DROP TABLE IF EXISTS budgetDetail;
CREATE TABLE budgetDetail (
    budgetDetailId int UNSIGNED  NOT NULL AUTO_INCREMENT,
    budgetId int UNSIGNED NOT NULL,
    categoryId int UNSIGNED NOT NULL,
    budgetSelfAmount int,
    budgetSpouseAmount int,
    actualAmount int,
    dateUpdated TIMESTAMP DEFAULT CURRENT_TIMESTAMP ON UPDATE CURRENT_TIMESTAMP,
    PRIMARY KEY (budgetDetailId),
    FOREIGN KEY (budgetId) references budget(budgetId) on delete cascade,
    FOREIGN KEY (categoryId) references category(categoryId) on delete cascade
) ENGINE=InnoDB DEFAULT CHARSET=utf8 COLLATE=utf8_unicode_ci;



--
-- Dumping data for table `budgetDetail`
--

INSERT INTO `budgetDetail` (`budgetDetailId`, `budgetId`, `categoryId`, `budgetSelfAmount`, `budgetSpouseAmount`, `actualAmount`, `dateUpdated`) VALUES
(1, 1, 1, NULL, NULL, NULL, '2015-07-23 02:54:19'),
(2, 1, 2, NULL, NULL, NULL, '2015-07-23 02:54:19'),
(3, 1, 3, NULL, NULL, NULL, '2015-07-23 02:54:19'),
(4, 1, 4, NULL, NULL, NULL, '2015-07-23 02:54:19'),
(5, 1, 5, NULL, NULL, NULL, '2015-07-23 02:54:19'),
(6, 1, 6, NULL, NULL, NULL, '2015-07-23 02:54:19'),
(7, 1, 7, NULL, NULL, NULL, '2015-07-23 02:54:19'),
(8, 1, 8, NULL, NULL, NULL, '2015-07-23 02:54:19'),
(9, 1, 9, NULL, NULL, NULL, '2015-07-23 02:54:19'),
(10, 1, 10, NULL, NULL, NULL, '2015-07-23 02:54:19'),
(11, 1, 11, NULL, NULL, NULL, '2015-07-23 02:54:19'),
(12, 1, 12, NULL, NULL, NULL, '2015-07-23 02:54:19'),
(13, 1, 13, NULL, NULL, NULL, '2015-07-23 02:54:19'),
(14, 1, 14, NULL, NULL, NULL, '2015-07-23 02:54:19'),
(15, 1, 15, NULL, NULL, NULL, '2015-07-23 02:54:19'),
(16, 1, 16, NULL, NULL, NULL, '2015-07-23 02:54:19'),
(17, 1, 17, NULL, NULL, NULL, '2015-07-23 02:54:19'),
(18, 1, 18, NULL, NULL, NULL, '2015-07-23 02:54:19'),
(19, 1, 19, NULL, NULL, NULL, '2015-07-23 02:54:19'),
(20, 1, 20, NULL, NULL, NULL, '2015-07-23 02:54:19'),
(21, 1, 21, NULL, NULL, NULL, '2015-07-23 02:54:19'),
(22, 1, 22, NULL, NULL, NULL, '2015-07-23 02:54:19'),
(23, 1, 23, NULL, NULL, NULL, '2015-07-23 02:54:19'),
(24, 1, 24, NULL, NULL, NULL, '2015-07-23 02:54:19'),
(25, 1, 25, NULL, NULL, NULL, '2015-07-23 02:54:19'),
(26, 1, 26, NULL, NULL, NULL, '2015-07-23 02:54:19'),
(27, 1, 27, NULL, NULL, NULL, '2015-07-23 02:54:19'),
(28, 1, 28, NULL, NULL, NULL, '2015-07-23 02:54:19'),
(29, 1, 29, NULL, NULL, NULL, '2015-07-23 02:54:19'),
(30, 1, 30, NULL, NULL, NULL, '2015-07-23 02:54:19'),
(31, 1, 31, NULL, NULL, NULL, '2015-07-23 02:54:19'),
(32, 1, 32, NULL, NULL, NULL, '2015-07-23 02:54:19'),
(33, 1, 33, NULL, NULL, NULL, '2015-07-23 02:54:19'),
(34, 1, 34, NULL, NULL, NULL, '2015-07-23 02:54:19'),
(35, 1, 35, NULL, NULL, NULL, '2015-07-23 02:54:19'),
(36, 1, 36, NULL, NULL, NULL, '2015-07-23 02:54:19'),
(37, 1, 37, NULL, NULL, NULL, '2015-07-23 02:54:19'),
(38, 1, 38, NULL, NULL, NULL, '2015-07-23 02:54:19'),
(39, 1, 39, NULL, NULL, NULL, '2015-07-23 02:54:19'),
(40, 1, 40, NULL, NULL, NULL, '2015-07-23 02:54:19'),
(41, 1, 41, NULL, NULL, NULL, '2015-07-23 02:54:19'),
(42, 1, 42, NULL, NULL, NULL, '2015-07-23 02:54:19'),
(43, 1, 43, NULL, NULL, NULL, '2015-07-23 02:54:19'),
(44, 1, 44, NULL, NULL, NULL, '2015-07-23 02:54:19'),
(45, 1, 45, NULL, NULL, NULL, '2015-07-23 02:54:19'),
(46, 1, 46, NULL, NULL, NULL, '2015-07-23 02:54:19'),
(47, 1, 47, NULL, NULL, NULL, '2015-07-23 02:54:19'),
(48, 1, 48, NULL, NULL, NULL, '2015-07-23 02:54:19'),
(49, 1, 49, NULL, NULL, NULL, '2015-07-23 02:54:19'),
(50, 1, 50, NULL, NULL, NULL, '2015-07-23 02:54:19'),
(51, 1, 51, NULL, NULL, NULL, '2015-07-23 02:54:19'),
(52, 1, 52, NULL, NULL, NULL, '2015-07-23 02:54:19'),
(53, 1, 53, NULL, NULL, NULL, '2015-07-23 02:54:19'),
(54, 1, 54, NULL, NULL, NULL, '2015-07-23 02:54:19'),
(55, 1, 55, NULL, NULL, NULL, '2015-07-23 02:54:19'),
(56, 1, 56, NULL, NULL, NULL, '2015-07-23 02:54:19'),
(57, 1, 57, NULL, NULL, NULL, '2015-07-23 02:54:19'),
(58, 1, 58, NULL, NULL, NULL, '2015-07-23 02:54:19'),
(59, 1, 59, NULL, NULL, NULL, '2015-07-23 02:54:19'),
(60, 1, 60, NULL, NULL, NULL, '2015-07-23 02:54:19'),
(61, 1, 61, NULL, NULL, NULL, '2015-07-23 02:54:19'),
(62, 1, 62, NULL, NULL, NULL, '2015-07-23 02:54:19'),
(63, 1, 63, NULL, NULL, NULL, '2015-07-23 02:54:19'),
(64, 1, 64, NULL, NULL, NULL, '2015-07-23 02:54:19'),
(65, 1, 65, NULL, NULL, NULL, '2015-07-23 02:54:19'),
(66, 1, 66, NULL, NULL, NULL, '2015-07-23 02:54:19'),
(67, 1, 67, NULL, NULL, NULL, '2015-07-23 02:54:19'),
(68, 1, 68, NULL, NULL, NULL, '2015-07-23 02:54:19'),
(69, 1, 69, NULL, NULL, NULL, '2015-07-23 02:54:19'),
(70, 1, 70, NULL, NULL, NULL, '2015-07-23 02:54:19'),
(71, 1, 71, NULL, NULL, NULL, '2015-07-23 02:54:19'),
(72, 1, 72, NULL, NULL, NULL, '2015-07-23 02:54:19'),
(73, 1, 73, NULL, NULL, NULL, '2015-07-23 02:54:19'),
(74, 1, 74, NULL, NULL, NULL, '2015-07-23 02:54:19'),
(75, 1, 75, NULL, NULL, NULL, '2015-07-23 02:54:19'),
(76, 1, 76, NULL, NULL, NULL, '2015-07-23 02:54:19'),
(77, 1, 77, NULL, NULL, NULL, '2015-07-23 02:54:19'),
(78, 1, 78, NULL, NULL, NULL, '2015-07-23 02:54:19'),
(79, 1, 79, NULL, NULL, NULL, '2015-07-23 02:54:19'),
(80, 1, 80, NULL, NULL, NULL, '2015-07-23 02:54:19'),
(81, 1, 81, NULL, NULL, NULL, '2015-07-23 02:54:19'),
(82, 1, 82, NULL, NULL, NULL, '2015-07-23 02:54:19'),
(83, 1, 83, NULL, NULL, NULL, '2015-07-23 02:54:19'),
(84, 1, 84, NULL, NULL, NULL, '2015-07-23 02:54:19'),
(85, 1, 85, NULL, NULL, NULL, '2015-07-23 02:54:19'),
(86, 1, 86, NULL, NULL, NULL, '2015-07-23 02:54:19'),
(87, 1, 87, NULL, NULL, NULL, '2015-07-23 02:54:19'),
(88, 1, 88, NULL, NULL, NULL, '2015-07-23 02:54:19'),
(89, 1, 89, NULL, NULL, NULL, '2015-07-23 02:54:19'),
(90, 1, 90, NULL, NULL, NULL, '2015-07-23 02:54:19'),
(91, 1, 91, NULL, NULL, NULL, '2015-07-23 02:54:19'),
(92, 1, 92, NULL, NULL, NULL, '2015-07-23 02:54:19'),
(93, 1, 93, NULL, NULL, NULL, '2015-07-23 02:54:19'),
(94, 1, 94, NULL, NULL, NULL, '2015-07-23 02:54:19'),
(95, 1, 95, NULL, NULL, NULL, '2015-07-23 02:54:19'),
(96, 1, 96, NULL, NULL, NULL, '2015-07-23 02:54:19'),
(97, 2, 1, NULL, NULL, NULL, '2015-07-23 03:01:58'),
(98, 2, 2, NULL, NULL, NULL, '2015-07-23 03:01:58'),
(99, 2, 3, NULL, NULL, NULL, '2015-07-23 03:01:58'),
(100, 2, 4, NULL, NULL, NULL, '2015-07-23 03:01:58'),
(101, 2, 5, NULL, NULL, NULL, '2015-07-23 03:01:58'),
(102, 2, 6, NULL, NULL, NULL, '2015-07-23 03:01:58'),
(103, 2, 7, NULL, NULL, NULL, '2015-07-23 03:01:58'),
(104, 2, 8, NULL, NULL, NULL, '2015-07-23 03:01:58'),
(105, 2, 9, NULL, NULL, NULL, '2015-07-23 03:01:58'),
(106, 2, 10, NULL, NULL, NULL, '2015-07-23 03:01:58'),
(107, 2, 11, NULL, NULL, NULL, '2015-07-23 03:01:58'),
(108, 2, 12, NULL, NULL, NULL, '2015-07-23 03:01:58'),
(109, 2, 13, NULL, NULL, NULL, '2015-07-23 03:01:58'),
(110, 2, 14, NULL, NULL, NULL, '2015-07-23 03:01:58'),
(111, 2, 15, NULL, NULL, NULL, '2015-07-23 03:01:58'),
(112, 2, 16, NULL, NULL, NULL, '2015-07-23 03:01:58'),
(113, 2, 17, NULL, NULL, NULL, '2015-07-23 03:01:58'),
(114, 2, 18, NULL, NULL, NULL, '2015-07-23 03:01:58'),
(115, 2, 19, NULL, NULL, NULL, '2015-07-23 03:01:58'),
(116, 2, 20, NULL, NULL, NULL, '2015-07-23 03:01:58'),
(117, 2, 21, NULL, NULL, NULL, '2015-07-23 03:01:58'),
(118, 2, 22, NULL, NULL, NULL, '2015-07-23 03:01:58'),
(119, 2, 23, NULL, NULL, NULL, '2015-07-23 03:01:58'),
(120, 2, 24, NULL, NULL, NULL, '2015-07-23 03:01:58'),
(121, 2, 25, NULL, NULL, NULL, '2015-07-23 03:01:58'),
(122, 2, 26, NULL, NULL, NULL, '2015-07-23 03:01:58'),
(123, 2, 27, NULL, NULL, NULL, '2015-07-23 03:01:58'),
(124, 2, 28, NULL, NULL, NULL, '2015-07-23 03:01:58'),
(125, 2, 29, NULL, NULL, NULL, '2015-07-23 03:01:58'),
(126, 2, 30, NULL, NULL, NULL, '2015-07-23 03:01:58'),
(127, 2, 31, NULL, NULL, NULL, '2015-07-23 03:01:58'),
(128, 2, 32, NULL, NULL, NULL, '2015-07-23 03:01:58'),
(129, 2, 33, NULL, NULL, NULL, '2015-07-23 03:01:58'),
(130, 2, 34, NULL, NULL, NULL, '2015-07-23 03:01:58'),
(131, 2, 35, NULL, NULL, NULL, '2015-07-23 03:01:58'),
(132, 2, 36, NULL, NULL, NULL, '2015-07-23 03:01:58'),
(133, 2, 37, NULL, NULL, NULL, '2015-07-23 03:01:58'),
(134, 2, 38, NULL, NULL, NULL, '2015-07-23 03:01:58'),
(135, 2, 39, NULL, NULL, NULL, '2015-07-23 03:01:58'),
(136, 2, 40, NULL, NULL, NULL, '2015-07-23 03:01:58'),
(137, 2, 41, NULL, NULL, NULL, '2015-07-23 03:01:58'),
(138, 2, 42, NULL, NULL, NULL, '2015-07-23 03:01:58'),
(139, 2, 43, NULL, NULL, NULL, '2015-07-23 03:01:58'),
(140, 2, 44, NULL, NULL, NULL, '2015-07-23 03:01:58'),
(141, 2, 45, NULL, NULL, NULL, '2015-07-23 03:01:58'),
(142, 2, 46, NULL, NULL, NULL, '2015-07-23 03:01:58'),
(143, 2, 47, NULL, NULL, NULL, '2015-07-23 03:01:58'),
(144, 2, 48, NULL, NULL, NULL, '2015-07-23 03:01:58'),
(145, 2, 49, NULL, NULL, NULL, '2015-07-23 03:01:58'),
(146, 2, 50, NULL, NULL, NULL, '2015-07-23 03:01:58'),
(147, 2, 51, NULL, NULL, NULL, '2015-07-23 03:01:58'),
(148, 2, 52, NULL, NULL, NULL, '2015-07-23 03:01:58'),
(149, 2, 53, NULL, NULL, NULL, '2015-07-23 03:01:58'),
(150, 2, 54, NULL, NULL, NULL, '2015-07-23 03:01:58'),
(151, 2, 55, NULL, NULL, NULL, '2015-07-23 03:01:58'),
(152, 2, 56, NULL, NULL, NULL, '2015-07-23 03:01:58'),
(153, 2, 57, NULL, NULL, NULL, '2015-07-23 03:01:58'),
(154, 2, 58, NULL, NULL, NULL, '2015-07-23 03:01:58'),
(155, 2, 59, NULL, NULL, NULL, '2015-07-23 03:01:58'),
(156, 2, 60, NULL, NULL, NULL, '2015-07-23 03:01:58'),
(157, 2, 61, NULL, NULL, NULL, '2015-07-23 03:01:58'),
(158, 2, 62, NULL, NULL, NULL, '2015-07-23 03:01:58'),
(159, 2, 63, NULL, NULL, NULL, '2015-07-23 03:01:58'),
(160, 2, 64, NULL, NULL, NULL, '2015-07-23 03:01:58'),
(161, 2, 65, NULL, NULL, NULL, '2015-07-23 03:01:58'),
(162, 2, 66, NULL, NULL, NULL, '2015-07-23 03:01:58'),
(163, 2, 67, NULL, NULL, NULL, '2015-07-23 03:01:58'),
(164, 2, 68, NULL, NULL, NULL, '2015-07-23 03:01:58'),
(165, 2, 69, NULL, NULL, NULL, '2015-07-23 03:01:58'),
(166, 2, 70, NULL, NULL, NULL, '2015-07-23 03:01:58'),
(167, 2, 71, NULL, NULL, NULL, '2015-07-23 03:01:58'),
(168, 2, 72, NULL, NULL, NULL, '2015-07-23 03:01:58'),
(169, 2, 73, NULL, NULL, NULL, '2015-07-23 03:01:58'),
(170, 2, 74, NULL, NULL, NULL, '2015-07-23 03:01:58'),
(171, 2, 75, NULL, NULL, NULL, '2015-07-23 03:01:58'),
(172, 2, 76, NULL, NULL, NULL, '2015-07-23 03:01:58'),
(173, 2, 77, NULL, NULL, NULL, '2015-07-23 03:01:58'),
(174, 2, 78, NULL, NULL, NULL, '2015-07-23 03:01:58'),
(175, 2, 79, NULL, NULL, NULL, '2015-07-23 03:01:58'),
(176, 2, 80, NULL, NULL, NULL, '2015-07-23 03:01:58'),
(177, 2, 81, NULL, NULL, NULL, '2015-07-23 03:01:58'),
(178, 2, 82, NULL, NULL, NULL, '2015-07-23 03:01:58'),
(179, 2, 83, NULL, NULL, NULL, '2015-07-23 03:01:58'),
(180, 2, 84, NULL, NULL, NULL, '2015-07-23 03:01:58'),
(181, 2, 85, NULL, NULL, NULL, '2015-07-23 03:01:58'),
(182, 2, 86, NULL, NULL, NULL, '2015-07-23 03:01:58'),
(183, 2, 87, NULL, NULL, NULL, '2015-07-23 03:01:58'),
(184, 2, 88, NULL, NULL, NULL, '2015-07-23 03:01:58'),
(185, 2, 89, NULL, NULL, NULL, '2015-07-23 03:01:58'),
(186, 2, 90, NULL, NULL, NULL, '2015-07-23 03:01:58'),
(187, 2, 91, NULL, NULL, NULL, '2015-07-23 03:01:58'),
(188, 2, 92, NULL, NULL, NULL, '2015-07-23 03:01:58'),
(189, 2, 93, NULL, NULL, NULL, '2015-07-23 03:01:58'),
(190, 2, 94, NULL, NULL, NULL, '2015-07-23 03:01:58'),
(191, 2, 95, NULL, NULL, NULL, '2015-07-23 03:01:58'),
(192, 2, 96, NULL, NULL, NULL, '2015-07-23 03:01:58'),
(193, 3, 1, NULL, NULL, NULL, '2015-07-23 03:02:08'),
(194, 3, 2, NULL, NULL, NULL, '2015-07-23 03:02:08'),
(195, 3, 3, NULL, NULL, NULL, '2015-07-23 03:02:08'),
(196, 3, 4, NULL, NULL, NULL, '2015-07-23 03:02:08'),
(197, 3, 5, NULL, NULL, NULL, '2015-07-23 03:02:08'),
(198, 3, 6, NULL, NULL, NULL, '2015-07-23 03:02:08'),
(199, 3, 7, NULL, NULL, NULL, '2015-07-23 03:02:08'),
(200, 3, 8, NULL, NULL, NULL, '2015-07-23 03:02:08'),
(201, 3, 9, NULL, NULL, NULL, '2015-07-23 03:02:08'),
(202, 3, 10, NULL, NULL, NULL, '2015-07-23 03:02:08'),
(203, 3, 11, NULL, NULL, NULL, '2015-07-23 03:02:08'),
(204, 3, 12, NULL, NULL, NULL, '2015-07-23 03:02:08'),
(205, 3, 13, NULL, NULL, NULL, '2015-07-23 03:02:08'),
(206, 3, 14, NULL, NULL, NULL, '2015-07-23 03:02:08'),
(207, 3, 15, NULL, NULL, NULL, '2015-07-23 03:02:08'),
(208, 3, 16, NULL, NULL, NULL, '2015-07-23 03:02:08'),
(209, 3, 17, NULL, NULL, NULL, '2015-07-23 03:02:08'),
(210, 3, 18, NULL, NULL, NULL, '2015-07-23 03:02:08'),
(211, 3, 19, NULL, NULL, NULL, '2015-07-23 03:02:08'),
(212, 3, 20, NULL, NULL, NULL, '2015-07-23 03:02:08'),
(213, 3, 21, NULL, NULL, NULL, '2015-07-23 03:02:08'),
(214, 3, 22, NULL, NULL, NULL, '2015-07-23 03:02:08'),
(215, 3, 23, NULL, NULL, NULL, '2015-07-23 03:02:08'),
(216, 3, 24, NULL, NULL, NULL, '2015-07-23 03:02:08'),
(217, 3, 25, NULL, NULL, NULL, '2015-07-23 03:02:08'),
(218, 3, 26, NULL, NULL, NULL, '2015-07-23 03:02:08'),
(219, 3, 27, NULL, NULL, NULL, '2015-07-23 03:02:08'),
(220, 3, 28, NULL, NULL, NULL, '2015-07-23 03:02:08'),
(221, 3, 29, NULL, NULL, NULL, '2015-07-23 03:02:08'),
(222, 3, 30, NULL, NULL, NULL, '2015-07-23 03:02:08'),
(223, 3, 31, NULL, NULL, NULL, '2015-07-23 03:02:08'),
(224, 3, 32, NULL, NULL, NULL, '2015-07-23 03:02:08'),
(225, 3, 33, NULL, NULL, NULL, '2015-07-23 03:02:08'),
(226, 3, 34, NULL, NULL, NULL, '2015-07-23 03:02:08'),
(227, 3, 35, NULL, NULL, NULL, '2015-07-23 03:02:08'),
(228, 3, 36, NULL, NULL, NULL, '2015-07-23 03:02:08'),
(229, 3, 37, NULL, NULL, NULL, '2015-07-23 03:02:08'),
(230, 3, 38, NULL, NULL, NULL, '2015-07-23 03:02:08'),
(231, 3, 39, NULL, NULL, NULL, '2015-07-23 03:02:08'),
(232, 3, 40, NULL, NULL, NULL, '2015-07-23 03:02:08'),
(233, 3, 41, NULL, NULL, NULL, '2015-07-23 03:02:08'),
(234, 3, 42, NULL, NULL, NULL, '2015-07-23 03:02:08'),
(235, 3, 43, NULL, NULL, NULL, '2015-07-23 03:02:08'),
(236, 3, 44, NULL, NULL, NULL, '2015-07-23 03:02:08'),
(237, 3, 45, NULL, NULL, NULL, '2015-07-23 03:02:08'),
(238, 3, 46, NULL, NULL, NULL, '2015-07-23 03:02:08'),
(239, 3, 47, NULL, NULL, NULL, '2015-07-23 03:02:08'),
(240, 3, 48, NULL, NULL, NULL, '2015-07-23 03:02:08'),
(241, 3, 49, NULL, NULL, NULL, '2015-07-23 03:02:08'),
(242, 3, 50, NULL, NULL, NULL, '2015-07-23 03:02:08'),
(243, 3, 51, NULL, NULL, NULL, '2015-07-23 03:02:08'),
(244, 3, 52, NULL, NULL, NULL, '2015-07-23 03:02:08'),
(245, 3, 53, NULL, NULL, NULL, '2015-07-23 03:02:08'),
(246, 3, 54, NULL, NULL, NULL, '2015-07-23 03:02:08'),
(247, 3, 55, NULL, NULL, NULL, '2015-07-23 03:02:08'),
(248, 3, 56, NULL, NULL, NULL, '2015-07-23 03:02:08'),
(249, 3, 57, NULL, NULL, NULL, '2015-07-23 03:02:08'),
(250, 3, 58, NULL, NULL, NULL, '2015-07-23 03:02:08'),
(251, 3, 59, NULL, NULL, NULL, '2015-07-23 03:02:08'),
(252, 3, 60, NULL, NULL, NULL, '2015-07-23 03:02:08'),
(253, 3, 61, NULL, NULL, NULL, '2015-07-23 03:02:08'),
(254, 3, 62, NULL, NULL, NULL, '2015-07-23 03:02:08'),
(255, 3, 63, NULL, NULL, NULL, '2015-07-23 03:02:08'),
(256, 3, 64, NULL, NULL, NULL, '2015-07-23 03:02:08'),
(257, 3, 65, NULL, NULL, NULL, '2015-07-23 03:02:08'),
(258, 3, 66, NULL, NULL, NULL, '2015-07-23 03:02:08'),
(259, 3, 67, NULL, NULL, NULL, '2015-07-23 03:02:08'),
(260, 3, 68, NULL, NULL, NULL, '2015-07-23 03:02:08'),
(261, 3, 69, NULL, NULL, NULL, '2015-07-23 03:02:08'),
(262, 3, 70, NULL, NULL, NULL, '2015-07-23 03:02:08'),
(263, 3, 71, NULL, NULL, NULL, '2015-07-23 03:02:08'),
(264, 3, 72, NULL, NULL, NULL, '2015-07-23 03:02:08'),
(265, 3, 73, NULL, NULL, NULL, '2015-07-23 03:02:08'),
(266, 3, 74, NULL, NULL, NULL, '2015-07-23 03:02:08'),
(267, 3, 75, NULL, NULL, NULL, '2015-07-23 03:02:08'),
(268, 3, 76, NULL, NULL, NULL, '2015-07-23 03:02:08'),
(269, 3, 77, NULL, NULL, NULL, '2015-07-23 03:02:08'),
(270, 3, 78, NULL, NULL, NULL, '2015-07-23 03:02:08'),
(271, 3, 79, NULL, NULL, NULL, '2015-07-23 03:02:08'),
(272, 3, 80, NULL, NULL, NULL, '2015-07-23 03:02:08'),
(273, 3, 81, NULL, NULL, NULL, '2015-07-23 03:02:08'),
(274, 3, 82, NULL, NULL, NULL, '2015-07-23 03:02:08'),
(275, 3, 83, NULL, NULL, NULL, '2015-07-23 03:02:08'),
(276, 3, 84, NULL, NULL, NULL, '2015-07-23 03:02:08'),
(277, 3, 85, NULL, NULL, NULL, '2015-07-23 03:02:08'),
(278, 3, 86, NULL, NULL, NULL, '2015-07-23 03:02:08'),
(279, 3, 87, NULL, NULL, NULL, '2015-07-23 03:02:08'),
(280, 3, 88, NULL, NULL, NULL, '2015-07-23 03:02:08'),
(281, 3, 89, NULL, NULL, NULL, '2015-07-23 03:02:08'),
(282, 3, 90, NULL, NULL, NULL, '2015-07-23 03:02:08'),
(283, 3, 91, NULL, NULL, NULL, '2015-07-23 03:02:08'),
(284, 3, 92, NULL, NULL, NULL, '2015-07-23 03:02:08'),
(285, 3, 93, NULL, NULL, NULL, '2015-07-23 03:02:08'),
(286, 3, 94, NULL, NULL, NULL, '2015-07-23 03:02:08'),
(287, 3, 95, NULL, NULL, NULL, '2015-07-23 03:02:08'),
(288, 3, 96, NULL, NULL, NULL, '2015-07-23 03:02:08'),
(289, 4, 1, 3000, 3000, NULL, '2015-07-23 03:03:15'),
(290, 4, 2, 300, 0, NULL, '2015-07-23 03:03:15'),
(291, 4, 3, 1000, 600, NULL, '2015-07-23 03:03:15'),
(292, 4, 4, 0, 0, NULL, '2015-07-23 03:03:33'),
(293, 4, 5, 0, 0, NULL, '2015-07-23 03:03:33'),
(294, 4, 6, 0, 0, NULL, '2015-07-23 03:03:33'),
(295, 4, 7, 3000, 2000, NULL, '2015-07-23 03:03:33'),
(296, 4, 8, 0, 0, NULL, '2015-07-23 03:04:01'),
(297, 4, 9, 0, 0, NULL, '2015-07-23 03:04:01'),
(298, 4, 10, 0, 0, NULL, '2015-07-23 03:04:01'),
(299, 4, 11, 0, 0, NULL, '2015-07-23 03:04:01'),
(300, 4, 12, 200, 200, NULL, '2015-07-23 03:04:01'),
(301, 4, 13, 0, 0, NULL, '2015-07-23 03:04:01'),
(302, 4, 14, 0, 0, NULL, '2015-07-23 03:04:01'),
(303, 4, 15, 0, 0, NULL, '2015-07-23 03:04:01'),
(304, 4, 16, 0, 0, NULL, '2015-07-23 03:04:01'),
(305, 4, 17, 0, 0, NULL, '2015-07-23 03:04:01'),
(306, 4, 18, 0, 0, NULL, '2015-07-23 03:04:01'),
(307, 4, 19, 600, 400, NULL, '2015-07-23 03:04:48'),
(308, 4, 20, 200, 200, NULL, '2015-07-23 03:04:48'),
(309, 4, 21, 300, 300, NULL, '2015-07-23 03:04:48'),
(310, 4, 22, 200, 0, NULL, '2015-07-23 03:04:48'),
(311, 4, 23, 20, 0, NULL, '2015-07-23 03:04:48'),
(312, 4, 24, 5, 5, NULL, '2015-07-23 03:04:48'),
(313, 4, 25, 70, 70, NULL, '2015-07-23 03:04:48'),
(314, 4, 26, 70, 70, NULL, '2015-07-23 03:04:48'),
(315, 4, 27, 0, 0, NULL, '2015-07-23 03:04:48'),
(316, 4, 28, 1400, 0, NULL, '2015-07-23 03:06:46'),
(317, 4, 29, 0, 0, NULL, '2015-07-23 03:06:46'),
(318, 4, 30, 0, 0, NULL, '2015-07-23 03:06:46'),
(319, 4, 31, 100, 0, NULL, '2015-07-23 03:06:46'),
(320, 4, 32, 20, 0, NULL, '2015-07-23 03:06:46'),
(321, 4, 33, 50, 0, NULL, '2015-07-23 03:06:46'),
(322, 4, 34, 100, 0, NULL, '2015-07-23 03:06:46'),
(323, 4, 35, 30, 0, NULL, '2015-07-23 03:06:46'),
(324, 4, 36, 20, 0, NULL, '2015-07-23 03:06:46'),
(325, 4, 37, 30, 0, NULL, '2015-07-23 03:06:46'),
(326, 4, 38, 30, 0, NULL, '2015-07-23 03:06:46'),
(327, 4, 39, 0, 0, NULL, '2015-07-23 03:06:46'),
(328, 4, 40, 200, 0, NULL, '2015-07-23 03:06:46'),
(329, 4, 41, 70, 0, NULL, '2015-07-23 03:06:46'),
(330, 4, 42, 0, 80, NULL, '2015-07-23 03:06:46'),
(331, 4, 43, 0, 0, NULL, '2015-07-23 03:07:32'),
(332, 4, 44, 300, 400, NULL, '2015-07-23 03:07:32'),
(333, 4, 45, 130, 0, NULL, '2015-07-23 03:07:32'),
(334, 4, 46, 100, 150, NULL, '2015-07-23 03:07:32'),
(335, 4, 47, 10, 0, NULL, '2015-07-23 03:07:32'),
(336, 4, 48, 100, 100, NULL, '2015-07-23 03:07:32'),
(337, 4, 49, 100, 100, NULL, '2015-07-23 03:07:32'),
(338, 4, 50, 0, 0, NULL, '2015-07-23 03:07:32'),
(339, 4, 51, 0, 0, NULL, '2015-07-23 03:08:09'),
(340, 4, 52, 0, 0, NULL, '2015-07-23 03:08:09'),
(341, 4, 53, 0, 0, NULL, '2015-07-23 03:08:09'),
(342, 4, 54, 0, 0, NULL, '2015-07-23 03:08:09'),
(343, 4, 55, 0, 0, NULL, '2015-07-23 03:08:09'),
(344, 4, 56, 0, 0, NULL, '2015-07-23 03:08:09'),
(345, 4, 57, 80, 15, NULL, '2015-07-23 03:08:09'),
(346, 4, 58, 0, 0, NULL, '2015-07-23 03:08:09'),
(347, 4, 59, 10, 10, NULL, '2015-07-23 03:08:09'),
(348, 4, 60, 0, 0, NULL, '2015-07-23 03:08:09'),
(349, 4, 61, 180, 180, NULL, '2015-07-23 03:08:37'),
(350, 4, 62, 50, 50, NULL, '2015-07-23 03:08:37'),
(351, 4, 63, 100, 100, NULL, '2015-07-23 03:08:37'),
(352, 4, 64, 50, 50, NULL, '2015-07-23 03:08:37'),
(353, 4, 65, 100, 100, NULL, '2015-07-23 03:08:37'),
(354, 4, 66, 50, 50, NULL, '2015-07-23 03:09:26'),
(355, 4, 67, 50, 50, NULL, '2015-07-23 03:09:26'),
(356, 4, 68, 50, 50, NULL, '2015-07-23 03:09:26'),
(357, 4, 69, 100, 100, NULL, '2015-07-23 03:09:26'),
(358, 4, 70, 100, 100, NULL, '2015-07-23 03:09:26'),
(359, 4, 71, 100, 100, NULL, '2015-07-23 03:09:26'),
(360, 4, 72, 100, 100, NULL, '2015-07-23 03:09:26'),
(361, 4, 73, 0, 0, NULL, '2015-07-23 03:09:51'),
(362, 4, 74, 0, 0, NULL, '2015-07-23 03:09:51'),
(363, 4, 75, 0, 0, NULL, '2015-07-23 03:09:51'),
(364, 4, 76, 0, 500, NULL, '2015-07-23 03:09:51'),
(365, 4, 77, 0, 0, NULL, '2015-07-23 03:09:51'),
(366, 4, 78, 0, 0, NULL, '2015-07-23 03:09:51'),
(367, 4, 79, 0, 0, NULL, '2015-07-23 03:09:51'),
(368, 4, 80, 0, 0, NULL, '2015-07-23 03:09:51'),
(369, 4, 81, 0, 0, NULL, '2015-07-23 03:10:00'),
(370, 4, 82, 0, 0, NULL, '2015-07-23 03:10:00'),
(371, 4, 83, 0, 0, NULL, '2015-07-23 03:10:00'),
(372, 4, 84, 50, 0, NULL, '2015-07-23 03:10:52'),
(373, 4, 85, 0, 20, NULL, '2015-07-23 03:10:52'),
(374, 4, 86, 50, 50, NULL, '2015-07-23 03:10:52'),
(375, 4, 87, 40, 40, NULL, '2015-07-23 03:10:52'),
(376, 4, 88, 0, 80, NULL, '2015-07-23 03:10:52'),
(377, 4, 89, 100, 100, NULL, '2015-07-23 03:10:52'),
(378, 4, 90, 0, 0, NULL, '2015-07-23 03:10:52'),
(379, 4, 91, 0, 0, NULL, '2015-07-23 03:10:52'),
(380, 4, 92, 0, 0, NULL, '2015-07-23 03:10:52'),
(381, 4, 93, 0, 0, NULL, '2015-07-23 03:10:52'),
(382, 4, 94, 0, 0, NULL, '2015-07-23 03:10:52'),
(383, 4, 95, 0, 0, NULL, '2015-07-23 03:10:52'),
(384, 4, 96, 0, 0, NULL, '2015-07-23 03:10:52');

-- --------------------------------------------------------